Workbook

Sheet Dashboard
B6: =+Student_Data!J3 -> Total Students | F6: =+Student_Data!J4 -> Average Marks | J6: =+Student_Data!J5 -> Highest Marks | O6: =+Student_Data!J6 -> Lowest Marks
B7: =+Student_Data!K3 -> 100 | F7: =+Student_Data!K4 -> 64.27 | J7: =+Student_Data!K5 -> 100 | O7: =+Student_Data!K6 -> 30
P12: Top-1
P13: ='Pivot Tables'!I15 -> Arjun | Q13: =+GETPIVOTDATA("Marks",'Pivot Tables'!$I$14,"Name","Arjun") -> 646
P16: Top-2
P17: ='Pivot Tables'!I16 -> Neha | Q17: =+GETPIVOTDATA("Marks",'Pivot Tables'!$I$14,"Name","Neha") -> 476
P20: Top-3
P21: =+'Pivot Tables'!I17 -> Anu | Q21: =+GETPIVOTDATA("Marks",'Pivot Tables'!$I$14,"Name","Anu") -> 430

Sheet Pivot Tables
C3: PIVOT ANALYSIS
C6: Performance by Branch | F6: Subject-wise Analysis | I6: Pass/Fail Count | L6: Performance Level
C7: Row Labels | D7: Average of Marks | F7: Row Labels | G7: Average of Marks | I7: Row Labels | J7: Count of Result | L7: Row Labels | M7: Count of Performance Level
C8: CSE | D8: 67.421053 | F8: Chemistry | G8: 71.45 | I8: Fail | J8: 23 | L8: Poor | M8: 42
C9: ECE | D9: 61.5 | F9: English | G9: 66.555556 | I9: Pass | J9: 77 | L9: Average | M9: 31
C10: EEE | D10: 61.703704 | F10: Math | G10: 56.88 | I10: Grand Total | J10: 100 | L10: Excellent | M10: 17
C11: ME | D11: 67.178571 | F11: Physics | G11: 65.368421 | L11: Good | M11: 10
C12: Grand Total | D12: 64.27 | F12: Programming | G12: 63.111111 | L12: Grand Total | M12: 100
F13: Grand Total | G13: 64.27 | I13: Student Score Summary
I14: Row Labels | J14: Sum of Marks
I15: Arjun | J15: 646
I16: Neha | J16: 476
I17: Anu | J17: 430
I18: Kiran | J18: 403
I19: Kavya | J19: 403
I20: Manoj | J20: 399
I21: Aman | J21: 385
I22: Ravi | J22: 374
I23: Suresh | J23: 372
I24: Rohit | J24: 335
I25: Meena | J25: 321
I26: Deepika | J26: 284
... I35: Grand Total | J35: 6427

Sheet Student_Data
A1: Student_ID | B1: Name | C1: Branch | D1: Subject | E1: Marks | F1: Attendance | G1: Result | H1: Performance Level
A2: 1001 | B2: Swathi | C2: ME | D2: Programming | E2: 73 | F2: 93 | G2: =IF(E2>=45,"Pass","Fail") -> Pass | H2: =IF(E2>=90,"Excellent",IF(E2>=80,"Good",IF(E2>=60,"Average","Poor"))) -> Average | J2: BASIC ANALYSIS
A3: 1002 | B3: Manoj | C3: EEE | D3: Chemistry | E3: 79 | F3: 72 | G3: =IF(E3>=45,"Pass","Fail") -> Pass | H3: =IF(E3>=90,"Excellent",IF(E3>=80,"Good",IF(E3>=60,"Average","Poor"))) -> Average | J3: Total Students | K3: =COUNT(A2:A101) -> 100
A4: 1003 | B4: Anu | C4: ECE | D4: Math | E4: 30 | F4: 74 | G4: =IF(E4>=45,"Pass","Fail") -> Fail | H4: =IF(E4>=90,"Excellent",IF(E4>=80,"Good",IF(E4>=60,"Average","Poor"))) -> Poor | J4: Average Marks | K4: =AVERAGE(E2:E101) -> 64.27
A5: 1004 | B5: Rohit | C5: EEE | D5: Programming | E5: 36 | F5: 65 | G5: =IF(E5>=45,"Pass","Fail") -> Fail | H5: =IF(E5>=90,"Excellent",IF(E5>=80,"Good",IF(E5>=60,"Average","Poor"))) -> Poor | J5: Highest Marks | K5: =MAX(E2:E101) -> 100
A6: 1005 | B6: Ravi | C6: ME | D6: English | E6: 98 | F6: 64 | G6: =IF(E6>=45,"Pass","Fail") -> Pass | H6: =IF(E6>=90,"Excellent",IF(E6>=80,"Good",IF(E6>=60,"Average","Poor"))) -> Excellent | J6: Lowest Marks | K6: =MIN(E2:E101) -> 30
A7: 1006 | B7: Priya | C7: ME | D7: Physics | E7: 64 | F7: 72 | G7: =IF(E7>=45,"Pass","Fail") -> Pass | H7: =IF(E7>=90,"Excellent",IF(E7>=80,"Good",IF(E7>=60,"Average","Poor"))) -> Average
A8: 1007 | B8: Arjun | C8: CSE | D8: Math | E8: 100 | F8: 71 | G8: =IF(E8>=45,"Pass","Fail") -> Pass | H8: =IF(E8>=90,"Excellent",IF(E8>=80,"Good",IF(E8>=60,"Average","Poor"))) -> Excellent
A9: 1008 | B9: Vikram | C9: ME | D9: Chemistry | E9: 54 | F9: 86 | G9: =IF(E9>=45,"Pass","Fail") -> Pass | H9: =IF(E9>=90,"Excellent",IF(E9>=80,"Good",IF(E9>=60,"Average","Poor"))) -> Poor
A10: 1009 | B10: Deepika | C10: ECE | D10: Physics | E10: 63 | F10: 94 | G10: =IF(E10>=45,"Pass","Fail") -> Pass | H10: =IF(E10>=90,"Excellent",IF(E10>=80,"Good",IF(E10>=60,"Average","Poor"))) -> Average
A11: 1010 | B11: Priya | C11: ECE | D11: Physics | E11: 68 | F11: 60 | G11: =IF(E11>=45,"Pass","Fail") -> Pass | H11: =IF(E11>=90,"Excellent",IF(E11>=80,"Good",IF(E11>=60,"Average","Poor"))) -> Average
A12: 1011 | B12: Ravi | C12: ME | D12: Physics | E12: 100 | F12: 95 | G12: =IF(E12>=45,"Pass","Fail") -> Pass | H12: =IF(E12>=90,"Excellent",IF(E12>=80,"Good",IF(E12>=60,"Average","Poor"))) -> Excellent
A13: 1012 | B13: Anu | C13: EEE | D13: Chemistry | E13: 45 | F13: 96 | G13: =IF(E13>=45,"Pass","Fail") -> Pass | H13: =IF(E13>=90,"Excellent",IF(E13>=80,"Good",IF(E13>=60,"Average","Poor"))) -> Poor
A14: 1013 | B14: Meena | C14: ECE | D14: English | E14: 55 | F14: 75 | G14: =IF(E14>=45,"Pass","Fail") -> Pass | H14: =IF(E14>=90,"Excellent",IF(E14>=80,"Good",IF(E14>=60,"Average","Poor"))) -> Poor
A15: 1014 | B15: Deepika | C15: ME | D15: Programming | E15: 35 | F15: 100 | G15: =IF(E15>=45,"Pass","Fail") -> Fail | H15: =IF(E15>=90,"Excellent",IF(E15>=80,"Good",IF(E15>=60,"Average","Poor"))) -> Poor
A16: 1015 | B16: Ravi | C16: ME | D16: Chemistry | E16: 75 | F16: 86 | G16: =IF(E16>=45,"Pass","Fail") -> Pass | H16: =IF(E16>=90,"Excellent",IF(E16>=80,"Good",IF(E16>=60,"Average","Poor"))) -> Average
A17: 1016 | B17: Swathi | C17: ME | D17: Chemistry | E17: 83 | F17: 60 | G17: =IF(E17>=45,"Pass","Fail") -> Pass | H17: =IF(E17>=90,"Excellent",IF(E17>=80,"Good",IF(E17>=60,"Average","Poor"))) -> Good
A18: 1017 | B18: Kavya | C18: ECE | D18: Chemistry | E18: 41 | F18: 80 | G18: =IF(E18>=45,"Pass","Fail") -> Fail | H18: =IF(E18>=90,"Excellent",IF(E18>=80,"Good",IF(E18>=60,"Average","Poor"))) -> Poor
... A101: 1100 | B101: Arjun | C101: EEE | D101: Math | E101: 64 | F101: 66 | G101: =IF(E101>=45,"Pass","Fail") -> Pass | H101: =IF(E101>=90,"Excellent",IF(E101>=80,"Good",IF(E101>=60,"Average","Poor"))) -> Average
